handle,sector1,sector2,sector3
BarackObama,political figure,,
realDonaldTrump,political figure,,
TheEllenShow,entertainment,,
Drake,entertainment,,
kanyewest,entertainment,,
SportsCenter,sports,entertainment,
rihanna,entertainment,,
CNN,media outlet,,
elonmusk,public figure,,
cnnbrk,media outlet,,
jimmyfallon,entertainment,,
espn,media outlet,sports,
chrissyteigen,entertainment,,
HillaryClinton,political figure,,
nytimes,media outlet,,
POTUS,political figure,,
POTUS44,political figure,,
ArianaGrande,entertainment,,
KingJames,sports,,
iamcardib,entertainment,,
NFL,sports,,
AOC,political figure,,
AP,media outlet,,
MichelleObama,public figure,political figure,
chancetherapper,entertainment,,
KimKardashian,entertainment,,
JColeNC,entertainment,,
SenSanders,political figure,,
justinbieber,entertainment,,
NASA,organization,,
NBA,sports,,
KevinHart4real,entertainment,,
taylorswift13,entertainment,,
neiltyson,public figure,,
kendricklamar,entertainment,,
washingtonpost,media outlet,,
jtimberlake,entertainment,,
KylieJenner,entertainment,,
VancityReynolds,entertainment,,
YouTube,brand,,
LilTunechi,entertainment,,
StephenAtHome,political pundit,,
khloekardashian,entertainment,,
Oprah,entertainment,,
BernieSanders,political figure,,
BleacherReport,media outlet,sports,
ChrisEvans,entertainment,,
PostMalone,entertainment,,
trvisXX,entertainment,,
Twitter,brand,,
WhiteHouse,organization,,
RobertDowneyJr,entertainment,,
SenWarren,political figure,,
WSJ,media outlet,,
ladygaga,entertainment,,
JohnLegere,public figure,,
TheRock,entertainment,,
katyperry,entertainment,,
MileyCyrus,entertainment,,
Zendaya,entertainment,,
ConanOBrien,entertainment,,
BillGates,public figure,,
BBCBreaking,media outlet,,
Eminem,entertainment,,
instagram,brand,,
ActuallyNPH,entertainment,,
chrisbrown,entertainment,,
KDTrey5,sports,,
KendallJenner,entertainment,,
selenagomez,entertainment,,
maddow,hard news,,
MLB,sports,,
theweeknd,entertainment,,
wizkhalifa,entertainment,,
andersoncooper,hard news,,
BillClinton,political figure,,
netflix,brand,,
JimCarrey,entertainment,,
SethMacFarlane,entertainment,,
tylerthecreator,entertainment,,
dog_feelings,meme,,
jk_rowling,entertainment,public figure,
kourtneykardash,entertainment,,
tomhanks,entertainment,,
BBCWorld,media outlet,,
danieltosh,entertainment,,
prattprattpratt,entertainment,,
Sethrogen,entertainment,,
wojespn,sports,,
colesprouse,entertainment,,
EmmaWatson,entertainment,,
FoxNews,media outlet,,
KamalaHarris,political figure,,
kobebryant,sports,,
StephenCurry30,sports,,
NPR,media outlet,,
ObamaWhiteHouse,political figure,,
WORLDSTAR,media outlet,,
BigSean,entertainment,,
NICKIMINAJ,entertainment,,
Reuters,media outlet,,
TheOnion,media outlet,,
FLOTUS,political figure,public figure,
AdamSchefter,sports,,
Pontifex,public figure,,
Starbucks,brand,,
1future,entertainment,,
AnnaKendrick47,entertainment,,
JoeBiden,political figure,,
stephenasmith,sports,,
DalaiLama,public figure,,
gucci1017,entertainment,,
HamillHimself,entertainment,,
MeekMill,entertainment,,
NatGeo,media outlet,entertainment,
PlayStation,brand,,
SteveCarell,entertainment,,
VP,political figure,,
BrunoMars,entertainment,,
Forbes,media outlet,,
SHAQ,sports,,
ABC,media outlet,,
Nike,brand,,
LILUZIVERT,entertainment,,
britneyspears,entertainment,,
dog_rates,meme,,
GordonRamsay,entertainment,,
HuffPost,media outlet,public figure,
jimmykimmel,entertainment,,
mcuban,sports,,
SamuelLJackson,entertainment,,
SarahKSilverman,entertainment,,
21savage,entertainment,,
SiriouslySusan,entertainment,,
sza,entertainment,,
TIME,media outlet,,
DemetriusHarmon,public figure,,
JeffreeStar,entertainment,,
NBCNews,media outlet,,
pewdiepie,entertainment,,
billmaher,political pundit,,
MacMiller,entertainment,,
Marvel,brand,,
SnoopDogg,entertainment,,
youngthug,entertainment,,
chrislhayes,hard news,,
jamescharles,entertainment,,
johnlegend,entertainment,,
PressSec,political figure,,
TheEconomist,media outlet,,
TheNotoriousMMA,sports,,
Wendys,brand,,
ACLU,organization,,
benlandis,public figure,,
Beyonce,entertainment,,
CollegeGameDay,sports,,
GeorgeTakei,entertainment,,
Kaepernick7,sports,,
lilyachty,entertainment,,
RapSheet,sports,,
shanedawson,entertainment,,
tedlieu,political figure,,
brysontiller,entertainment,,
BuzzFeed,media outlet,,
ChelseaClinton,public figure,,
chelseahandler,entertainment,,
Emma4Change,political figure,public figure,
mindykaling,entertainment,,
SpeakerPelosi,political figure,,
starwars,entertainment,,
UberFacts,meme,,
Xbox,brand,,
benshapiro,political pundit,,
charliesheen,entertainment,,
CP3,sports,,
FLOTUS44,political figure,public figure,
Google,brand,,
jaketapper,hard news,,
Lin_Manuel,entertainment,,
Logic301,entertainment,,
nikestore,brand,,
Pink,entertainment,,
SpaceX,brand,,
UN,organization,,
aplusk,entertainment,,
asvpxrocky,entertainment,,
azizansari,entertainment,,
barstoolsports,sports,,
BreakingNews,media outlet,,
edsheeran,entertainment,,
iamjohnoliver,entertainment,political pundit,
KodakBlack1k,entertainment,,
LeoDiCaprio,entertainment,,
Migos,entertainment,,
mike_pence,political figure,,
NewYorker,media outlet,,
TEDTalks,organization,,
USATODAY,media outlet,,
aliciakeys,entertainment,,
BetoORourke,political figure,,
blakeshelton,entertainment,,
CBSNews,media outlet,,
Diddy,entertainment,,
donaldglover,entertainment,,
FortniteGame,brand,,
Lakers,sports,,
NateSilver538,political pundit,,
pattonoswalt,entertainment,,
SenSchumer,political figure,,
thegreatkhalid,entertainment,,
JHarden13,sports,,
joerogan,political pundit,entertainment,
politico,media outlet,,
RealHughJackman,entertainment,,
RepMaxineWaters,political figure,,
seanhannity,political pundit,,
TMZ,media outlet,,
ewarren,political figure,,
Lawrence,political pundit,,
MetroBoomin,entertainment,,
nflnetwork,sports,,
obj,sports,,
RepAdamSchiff,political figure,,
Tip,entertainment,,
Whataburger,brand,,
Alyssa_Milano,entertainment,,
Avengers,entertainment,,
carmeloanthony,sports,,
DwyaneWade,sports,,
ESPNNBA,sports,,
funnyordie,meme,,
GGYOUNGBOY,entertainment,,
JManziel2,sports,,
KyrieIrving,sports,,
ochocinco,sports,,
officialjaden,X,entertainment,
Pharrell,entertainment,,
RealJamesWoods,entertainment,,
StephenKing,entertainment,,
SteveMartinToGo,entertainment,,
TheRealStanLee,entertainment,,
Acosta,political figure,public figure,
Adele,entertainment,,
CoryBooker,political figure,,
dylansprouse,entertainment,,
halsey,entertainment,,
johnkrasinski,entertainment,,
KellyannePolls,political pundit,,
MarkRuffalo,entertainment,,
NiallOfficial,entertainment,,
PreetBharara,public figure,,
ShawnMendes,entertainment,,
ananavarro,political pundit,,
chrishemsworth,entertainment,,
DaRealAmberRose,entertainment,,
ESPNNFL,media outlet,sports,
Jenna_Marbles,entertainment,,
JJWatt,sports,,
LILBTHEBASEDGOD,entertainment,,
lildurk,entertainment,,
MurrayNewlands,public figure,,
RealCandaceO,political pundit,,
repjohnlewis,political figure,,
Tesla,brand,,
TomiLahren,political pundit,,
VP44,political figure,,
Wale,entertainment,,
ZacEfron,entertainment,,
amyschumer,entertainment,,
BillSimmons,sports,,
CuteEmergency,meme,,
footlocker,brand,,
IngrahamAngle,political pundit,,
JerrySeinfeld,entertainment,,
KameronBennett,entertainment,,
KidCudi,entertainment,,
KrisJenner,entertainment,,
MSNBC,media outlet,,
NBA2K,entertainment,sports,
NBAonTNT,media outlet,sports,
russwest44,sports,,
SallyQYates,public figure,,
SenKamalaHarris,political figure,,
shaunking,political figure,public figure,
shwood,entertainment,public figure,
Snowden,public figure,,
Trevornoah,entertainment,political pundit,
TuckerCarlson,political pundit,,
ZooeyDeschanel,entertainment,,
alispagnola,entertainment,,
ESPNCFB,media outlet,sports,
ESPNStatsInfo,media outlet,sports,
GameOfThrones,entertainment,,
JoelEmbiid,sports,,
JoelOsteen,public figure,,
Jumpman23,sports,,
KeithOlbermann,sports,,
quenblackwell,entertainment,,
RealSkipBayless,sports,,
richthekid,entertainment,,
RockstarGames,brand,,
russdiemon,entertainment,,
ScHoolboyQ,entertainment,,
StateDept,organization,,
TheWeirdWorld,meme,,
TomHolland1996,entertainment,,
50cent,entertainment,,
cher,entertainment,,
DavidDobrik,entertainment,,
guardian,media outlet,,
Harry_Styles,entertainment,,
MichaelAvenatti,public figure,,
MTV,entertainment,media outlet,
NHL,sports,,
Nick_Offerman,entertainment,,
NintendoAmerica,brand,,
RevRunWisdom,public figure,,
richardbranson,public figure,,
SirPatStew,entertainment,,
SportsNation,sports,,
TeamJuJu,sports,,
TreySongz,entertainment,,
adamlevine,entertainment,,
business,media outlet,,
ciara,entertainment,,
darrenrovell,sports,,
davidhogg111,political figure,public figure,
Deadspin,media outlet,sports,
ezraklein,political pundit,,
FBI,organization,,
jemelehill,sports,,
JLo,entertainment,,
Kehlani,entertainment,,
LiamPayne,entertainment,,
LukeBryanOnline,entertainment,,
MMFlint,public figure,,
Ninja,entertainment,,
notthefakeSVP,sports,,
QuavoStuntin,entertainment,,
RickandMorty,entertainment,,
souljaboy,entertainment,,
SouthwestAir,brand,,
SpeakerRyan,political figure,,
thehill,media outlet,,
Usher,entertainment,,
VictoriasSecret,brand,,
xxxtentacion,entertainment,,
AaronRodgers12,sports,,
cthagod,entertainment,,
Disney,brand,,
enews,media outlet,,
FloydMayweather,sports,,
hootsuite,brand,,
JayBilas,sports,,
JheneAiko,entertainment,,
JohnCena,entertainment,,
JonahHill,entertainment,,
KatyTurNBC,hard news,,
krassenstein,entertainment,,
lilbaby4PF,entertainment,,
MariahCarey,entertainment,,
mashable,media outlet,,
nbcsnl,entertainment,,
OffsetYRN,entertainment,,
rickygervais,entertainment,,
RonanFarrow,hard news,,
SenFeinstein,political figure,,
StationCDRKelly,public figure,,
tedcruz,political figure,,
TimTebow,sports,,
zaynmalik,entertainment,,
AskAimeeBeck,public figure,,
blakegriffin23,sports,,
Buster_ESPN,sports,,
coldplay,entertainment,,
ColinCowherd,sports,,
CynthiaLIVE,public figure,,
Dame_Lillard,sports,,
DangeRussWilson,sports,,
DiamondandSilk,political pundit,,
DisneyPixar,brand,,
DisneyStudios,brand,,
ErinAndrews,sports,,
FamousDex,entertainment,,
IGN,media outlet,entertainment,
Jaclynhill,entertainment,,
Ken_Rosenthal,sports,,
LanaDelRey,entertainment,,
latimes,media outlet,,
maroon5,entertainment,,
MarvelStudios,brand,,
onedirection,entertainment,,
rustyrockets,entertainment,,
RyanAFournier,political figure,public figure,
serenawilliams,sports,,
shakira,entertainment,,
TechCrunch,media outlet,,
TigerWoods,sports,,
tyrabanks,entertainment,,
ufc,sports,,
WIRED,media outlet,,
WWE,entertainment,,
alfranken,political figure,,
amyklobuchar,political figure,,
AndrewGillum,political figure,,
ariannahuff,public figure,,
charliekirk11,political figure,public figure,
chrisrock,entertainment,,
cnni,media outlet,,
Cristiano,sports,,
DCComics,brand,,
DezBryant,sports,,
Discovery,media outlet,entertainment,
djkhaled,entertainment,,
drewbrees,sports,,
feliciaday,entertainment,,
garyvee,public figure,,
IntThings,entertainment,,
itsgabrielleu,entertainment,,
jakecardiff401,entertainment,,
lilpump,entertainment,,
markiplier,public figure,,
MLBNetwork,sports,,
nprpolitics,media outlet,,
robdyrdek,entertainment,,
ScottDisick,entertainment,,
SenGillibrand,political figure,,
SInow,sports,,
TheCooksCook,public figure,,
therealjuicyj,entertainment,,
WalkingDead_AMC,entertainment,,
warriors,sports,,
wikileaks,media outlet,,
Yankees,sports,,
ZO2_,sports,,
2chainz,entertainment,,
CallofDuty,entertainment,brand,
CIA,organization,,
DannyDeVito,entertainment,,
DavidCornDC,political pundit,,
davidfrum,political pundit,,
fatbellybella,entertainment,,
GOP,organization,,
hardwick,entertainment,,
Inc,media outlet,,
JohnBrennan,public figure,,
JohnClaytonNFL,sports,,
LindseyGrahamSC,political figure,,
lizakoshy,entertainment,,
Louis_Tomlinson,entertainment,,
MrLeonardKim,public figure,,
nowthisnews,media outlet,,
Olympics,sports,,
ProFootballTalk,sports,,
rainnwilson,entertainment,,
RealMikeWilbon,sports,,
RedCross,organization,,
RSherman_25,sports,,
solangeknowles,entertainment,,
SUBWAY,brand,,
TeamUSA,sports,,
TheTweetOfGod,meme,,
WhatTheFFacts,meme,,
algore,political figure,,
alyankovic,entertainment,,
Apple,brand,,
AustinMcbroom,entertainment,,
BarringtonMole,entertainment,,
BBCNews,media outlet,,
brendonurie,entertainment,,
CauseWereGuys,meme,,
common,entertainment,,
Cubs,sports,,
DHSgov,organization,,
donlemon,hard news,,
EdKrassen,X,,
FactsOfSchool,meme,,
FullFrontalSamB,public figure,entertainment,political pundit
G_Eazy,entertainment,,
GovMikeHuckabee,political figure,,
JoeBudden,entertainment,,
JoeNBC,hard news,,
John_Cardiff_,entertainment,,
JohnCleese,entertainment,,
johnrampton,public figure,,
Ludacris,entertainment,,
megynkelly,hard news,,
MensHumor,meme,,
MichelleDBeadle,sports,,
MikeTyson,sports,,
MittRomney,political figure,,
mortreport,sports,,
newtgingrich,political figure,,
people,media outlet,,
RealBenCarson,political figure,,
Renner4Real,entertainment,,
RickRoss,entertainment,,
RWPUSA,political pundit,,
SeanBeeson,entertainment,,
SenJohnMcCain,political figure,,
Simone_Biles,sports,,
SinghLions,public figure,,
terrycrews,entertainment,,
troyesivan,entertainment,,
WholeFoods,brand,,
WorldWideWob,sports,,
AMAZlNGNATURE,meme,,
AnnCoulter,political pundit,,
ava,entertainment,,
BenjaminEnfield,entertainment,,
businessinsider,media outlet,,
cammipham,public figure,,
carrieunderwood,entertainment,,
Chris_Broussard,sports,,
DanRather,political pundit,,
dbongino,political pundit,,
DineshDSouza,political pundit,,
DLoesch,political pundit,,
DwightHoward,sports,,
earlxsweat,entertainment,,
FOXSports,media outlet,sports,
HornyFacts,meme,,
HotNewHipHop,entertainment,,
iamkevingates,entertainment,,
IAmSteveHarvey,entertainment,,
iJesseWilliams,entertainment,,
ItsJoshPeck,entertainment,,
joanneprada,entertainment,,
jonfavs,political pundit,,
JordanPeele,entertainment,,
JudgeJeanine,political pundit,,
JudicialWatch,organization,,
katienolan,sports,,
KirkHerbstreit,sports,,
kurteichenwald,hard news,,
Lesdoggg,entertainment,,
marcorubio,political figure,,
markwahlberg,entertainment,,
MeninistTweet,X,,
MichaelVick,sports,,
mitchellreports,hard news,,
nikebasketball,sports,,
ninadobrev,entertainment,,
OriginalFunko,brand,,
peter_king,sports,,
playboicarti,entertainment,,
PokemonGoApp,entertainment,,
RandPaul,political figure,,
ReggieBush,sports,,
richbrian,entertainment,,
richeisen,sports,,
RobGronkowski,sports,,
ryanfoland,public figure,,
SaraCarterDC,hard news,,
SarahPalinUSA,political figure,,
Sephora,brand,,
ShannonSharpe,sports,,
tacobell,brand,,
TheDemocrats,organization,,
TheRickWilson,political pundit,,
TheSteinLine,sports,,
voguemagazine,entertainment,media outlet,
WaltDisneyWorld,brand,,
weatherchannel,media outlet,,
xtina,entertainment,,
1YoungTakeoff,entertainment,,
alexmorgan13,sports,,
altonbrown,entertainment,,
Amy_Siskind,political pundit,,
AskAaronLee,public figure,,
BibopGGresta,public figure,,
CatherinePaiz,entertainment,,
chadwickboseman,entertainment,,
ChiefKeef,entertainment,,
ChipotleTweets,brand,,
CloydRivers,public figure,,
danawhite,sports,,
DigitalTrends,media outlet,,
dodo,meme,,
EzekielElliott,sports,,
FallonTonight,entertainment,,
FiveThirtyEight,media outlet,,
foxandfriends,media outlet,,
icecube,entertainment,,
IMKristenBell,X,entertainment,
JDaIey,entertainment,,
JoyceMeyer,public figure,,
KateUpton,entertainment,,
kelly_clarkson,entertainment,,
kerrywashington,entertainment,,
kevinlove,sports,,
kylekuzma,sports,,
KyloR3n,meme,,
lildickytweets,entertainment,,
MagicJohnson,sports,,
marklevinshow,political pundit,,
maryjblige,entertainment,,
MikeTrout,sports,,
mirandalambert,entertainment,,
NatGeoTravel,media outlet,entertainment,
NBATV,sports,media outlet,
NBCSports,sports,media outlet,
OfficialJLD,entertainment,,
PatMcAfeeShow,sports,,
PFF,sports,,
ProPublica,media outlet,,
RealRonHoward,entertainment,,
RepCummings,political figure,,
RepJoeKennedy,political figure,,
robkardashian,entertainment,,
RogueNASA,meme,,
RoguePOTUSStaff,meme,,
shondarhimes,entertainment,,
snooki,entertainment,,
StephenAmell,entertainment,,
steveaustinBSR,entertainment,,
stoolpresidente,entertainment,,
TheAtlantic,media outlet,,
tim_cook,public figure,,
TonyRobbins,public figure,,
trippieredd,entertainment,,
UglyGod,entertainment,,
wilw,entertainment,,
WSHHFANS,meme,,
6LACK,entertainment,,
AlissaViolet,entertainment,,
AmbNikkiHaley,political figure,,
angela_rye,political pundit,,
AnselElgort,entertainment,,
AriMelber,political pundit,,
BreitbartNews,media outlet,,
CaptainAmerica,entertainment,,
CardiffBros,entertainment,,
CNNPolitics,media outlet,,
CoachJim4UM,sports,,
Crowdfire,brand,,
DJPaulyD,entertainment,,
dopeisland,entertainment,,
evilhag,entertainment,,
falloutboy,entertainment,,
FinnSkata,entertainment,,
GUBLERNATION,entertainment,,
HardballChris,political pundit,,
HilaryDuff,entertainment,,
HISTORY,media outlet,entertainment,
hitRECordJoe,entertainment,,
IlhanMN,political figure,,
JayGlazer,sports,,
JensenAckles,entertainment,,
JimGaffigan,entertainment,,
joelmchale,entertainment,,
Jstlivinbbyy,entertainment,,
kashdoll,entertainment,,
kathygriffin,entertainment,,
KELLYROWLAND,entertainment,,
marchmadness,sports,,
marshmellomusic,entertainment,,
Money23Green,sports,,
myfabolouslife,entertainment,,
Newsweek,media outlet,,
NFLonFOX,sports,media outlet,
nickjonas,entertainment,,
PanicAtTheDisco,entertainment,,
PlayersTribune,media outlet,sports,
PMBreakingNews,media outlet,,
premierleague,sports,,
ProudResister,political pundit,,
robdelaney,entertainment,,
RondaRousey,entertainment,,
RuPaul,entertainment,,
Schwarzenegger,entertainment,,
Skrillex,entertainment,,
Slate,media outlet,,
Spotify,brand,,
stephenfry,entertainment,,
StormyDaniels,entertainment,public figure,
Stranger_Things,entertainment,,
THESLUMPGOD,entertainment,,
ThomasRhett,entertainment,,
TODAYshow,entertainment,,
USMNT,sports,,
WindhorstESPN,sports,,
AHSFX,entertainment,,
Akademiks,entertainment,,
Aly_Raisman,sports,,
amandabynes,entertainment,,
AvrilLavigne,entertainment,,
BetteMidler,entertainment,,
bflay,public figure,entertainment,
billboard,entertainment,,
billyeichner,entertainment,,
brielarson,entertainment,,
ChampionsLeague,sports,,
channingtatum,entertainment,,
CNBC,media outlet,,
ComplexSneakers,brand,,
CW_TheFlash,entertainment,,
DanielNewman,entertainment,,
DepressedDarth,meme,,
deray,political figure,public figure,
Dodgers,sports,,
DrakeBell,entertainment,,
Education4Libs,political figure,public figure,
emmachamberlain,entertainment,,
factsionary,meme,,
FinishLine,brand,,
FoodNetwork,media outlet,entertainment,
FrencHMonTanA,entertainment,,
GalGadot,entertainment,,
gherbo,entertainment,,
GolicAndWingo,sports,,
iansomerhalder,entertainment,,
J_D_Landis,public figure,,
jack,public figure,,
JalenRose,sports,,
JasonKander,political figure,,
JAYVERSACE,entertainment,,
jennafischer,entertainment,,
jimrome,sports,,
JOEL9ONE,sports,,
johngreen,entertainment,,
JohnKerry,political figure,,
kencaillat,entertainment,,
KeriHilson,entertainment,,
kirkfranklin,entertainment,,
kj_apa,entertainment,,
kylegriffin1,political pundit,,
landonromano,public figure,,
lifehacker,media outlet,,
LilBibby_,entertainment,,
lilireinhart,entertainment,,
lindsaylohan,entertainment,,
LoriGreiner,entertainment,,
McDonalds,brand,,
McShay13,sports,,
Medium,brand,,
MeghanMcCain,political pundit,,
MelKiperESPN,sports,,
MerriamWebster,brand,,
MiamiHEAT,sports,,
michellemalkin,political pundit,,
Microsoft,brand,,
NathanFillion,entertainment,,
NCAA,sports,,
neilhimself,entertainment,public figure,
NeNeLeakes,entertainment,,
NicolleDWallace,political pundit,,
NOH8Campaign,organization,,
ObamaFoundation,organization,,
ParisHilton,entertainment,,
Patriots,sports,,
paulwesley,entertainment,,
PhillyD,entertainment,,
PUSHA_T,entertainment,,
RedHourBen,public figure,,
RollingStone,entertainment,,
SaraBareilles,entertainment,,
SmthnglikeKites,public figure,,
SoundCloud,brand,,
swish41,sports,,
TEYANATAYLOR,entertainment,,
ThatKevinSmith,entertainment,,
TheRealMikeEpps,entertainment,,
therealroseanne,entertainment,,
Twitch,brand,,
VINNYGUADAGNINO,entertainment,,
WHO,organization,,
workwthecoach,public figure,,
ZodiacFacts,meme,,
AJEnglish,media outlet,,
amnestyusa,organization,,
AndyRichter,entertainment,,
bakermayfield,sports,,
BTS_twt,entertainment,,
Caradelevingne,entertainment,,
CBSSports,media outlet,sports,
CDCemergency,organization,,
CharlesMBlow,political pundit,,
chelseaperetti,entertainment,,
ChickfilA,brand,,
chuckwoolery,entertainment,,
codyko,entertainment,,
ColIegeStudent,meme,,
csydelko,entertainment,,
dak,sports,,
davidaldridgedc,sports,,
deadmau5,entertainment,,
DennisDMZ,entertainment,,
DUALIPA,entertainment,,
DuckDuckGo,brand,,
dylanobrien,entertainment,,
eentertainment,media outlet,entertainment,
ELLEmagazine,media outlet,entertainment,
ericbolling,political pundit,,
EW,media outlet,entertainment,
FIFAcom,sports,,
Franklin_Graham,public figure,political pundit,
glennbeck,political pundit,,
h3h3productions,entertainment,,
IAmJericho,entertainment,,
IAMQUEENLATIFAH,entertainment,,
idriselba,entertainment,,
Interior,organization,,
isaiahthomas,sports,,
Jack_Septic_Eye,entertainment,,
JackPhan,public figure,,
JesseBWatters,political pundit,,
Jim_Jordan,political figure,,
JoeyBats19,sports,,
JohnMayer,entertainment,,
jordanbpeterson,public figure,,
JuddApatow,entertainment,,
JustinTrudeau,political figure,,
jvn,public figure,,
KalaniBallFree,sports,,
kenradio,public figure,,
kumailn,entertainment,,
LaurenLondon,entertainment,,
LeanandCuisine,entertainment,,
lorde,entertainment,,
machinegunkelly,entertainment,,
Matt_VanDyke,entertainment,,
MatthewBerryTMR,sports,,
MELANIATRUMP,political figure,public figure,
michaelb4jordan,sports,,
michaelianblack,entertainment,,
MichaelPhelps,sports,,
MissyElliott,entertainment,,
MLS,sports,,
MonicaCrowley,political pundit,public figure,
morningmika,political pundit,,
MotherJones,media outlet,,
pascalguyon,entertainment,,
perlmutations,entertainment,,
pitbull,entertainment,,
PlayOverwatch,entertainment,,
PrisonPlanet,political pundit,,
RiceGum,entertainment,,
robreiner,entertainment,,
Ronnie2K,sports,,
SchadenJake,entertainment,,
SenDuckworth,political figure,,
shitmydadsays,entertainment,,
smithsonian,media outlet,entertainment,
SommerRay,entertainment,,
SouthPark,entertainment,,
tanamongeau,entertainment,,
TheHerd,sports,,
TheJusticeDept,organization,,
theofficenbc,entertainment,,
TheScaryNature,media outlet,,
TheWalkingDead,entertainment,,
THR,media outlet,entertainment,
TimRunsHisMouth,political pundit,,
twentyonepilots,entertainment,,
usabasketball,sports,,
USArmy,organization,,
USMC,organization,,
VanessaHudgens,entertainment,,
WakaFlocka,entertainment,,
waltshaub,public figure,,
YoGotti,entertainment,,
AB84,sports,,
AC360,hard news,,
adidas,sports,,
amazon,brand,,
AndrewMayne,entertainment,,
antoni,entertainment,,
ASAPferg,entertainment,,
autocorrects,X,,
BarstoolBigCat,sports,,
BenAffleck,entertainment,,
BETMusic,entertainment,,
billburr,entertainment,,
brithume,political pundit,,
bubbawatson,sports,,
CamilaMendes,entertainment,,
cbfowler,sports,,
champssports,sports,,
CHANEL,brand,,
Cut4,sports,,
daisymarquez_,public figure,,
DanBilzerian,entertainment,,
danpfeiffer,public figure,,
davidguetta,entertainment,,
ddale8,hard news,,
DeepakChopra,public figure,,
DisneyParks,entertainment,,
drdisrespect,entertainment,,
Eagles,sports,,
fema,organization,,
FunnyVines,meme,,
Garrett_Watts,entertainment,,
Gizmodo,media outlet,,
Inspire_Us,meme,,
jarpad,entertainment,,
jilevin,public figure,,
jimcramer,public figure,,
JKCorden,entertainment,,
joejonas,entertainment,,
JonHeyman,sports,,
JonnyBones,sports,,
Karamo,entertainment,,
LouyFierce,entertainment,,
madelainepetsch,entertainment,,
MannyMua733,entertainment,,
MarketWatch,media outlet,,
mishacollins,entertainment,,
moby_dickhead,entertainment,,
MoneyLynch,sports,,
NASCAR,sports,,
NateMaingard,entertainment,,
NBCNightlyNews,hard news,,
NBCTheVoice,hard news,,
NewsHour,hard news,,
nfldraftscout,sports,,
NHLBlackhawks,sports,,
nicekicks,sports,,
NickKristof,political pundit,,
nikesportswear,sports,,
NikkiHaley,political figure,,
NOAA,organization,,
NOTSportsCenter,sports,,
NRA,organization,,
AndreaRussett,entertainment,,
dallascowboys,sports,,
galifianakisz,entertainment,,
tyleroakley,entertainment,,
michelleisawolf,entertainment,,
aaronpaul_8,entertainment,,
billieeilish,entertainment,,
BryanCranston,entertainment,,
mradamscott,entertainment,,
OMGFacts,meme,,
FirstTake,meme,,
IssaRae,entertainment,,
WilliamShatner,entertainment,,
zachbraff,entertainment,,
bjnovak,entertainment,,
KevinSpacey,entertainment,,
MikeeKhoury,entertainment,,
YoungDolph,entertainment,,
BET,media outlet,,
HistoryToLearn,X,,
OITNB,entertainment,,
RealTracyMorgan,entertainment,,
TiffanyHaddish,entertainment,,
timkaine,political figure,,
Adaripp,sports,,
Caitlyn_Jenner,entertainment,,
Camila_Cabello,entertainment,,
connorfranta,entertainment,,
DailyRapFacts,entertainment,,
gatesfoundation,organization,,
KianLawley,entertainment,,
MirandaSings,entertainment,,
Variety,media outlet,entertainment,
5SOS,entertainment,,
Ashton5SOS,entertainment,,
birbigs,entertainment,,
BuzzFeedNews,media outlet,,
celtics,sports,,
CraigyFerg,entertainment,,
Espngreeny,sports,,
GameSpot,brand,,
Genius,media outlet,entertainment,
goodreads,brand,,
gtconway3d,public figure,,
HoustonTexans,sports,,
IanMcKellen,entertainment,,
madisonpettis,entertainment,,
UncleRUSH,entertainment,,
astros,sports,,
batemanjason,entertainment,,
BurgerKing,brand,,
Calum5SOS,entertainment,,
cavs,sports,,
CDCgov,organization,,
Fallout,entertainment,,
ggreenwald,political pundit,,
GMA,hard news,entertainment,
iamjamiefoxx,entertainment,,
jasonsegel,entertainment,,
Luke5SOS,entertainment,,
marcmaron,entertainment,,
Michael5SOS,entertainment,,
MoneyBaggYo,entertainment,,
PBS,media outlet,,
questlove,entertainment,,
RBReich,public figure,,
samsmith,entertainment,,
SenFranken,political figure,,
theblackpanther,entertainment,,
BillKristol,political pundit,,
CalvinHarris,entertainment,,
camerondallas,entertainment,,
deshaunwatson,sports,,
DollyParton,entertainment,,
drose,entertainment,,
espngolic,sports,,
EthanDolan,entertainment,,
HowardStern,entertainment,,
hulu,brand,,
KekePalmer,entertainment,,
kristenschaaled,entertainment,,
lenadunham,entertainment,,
miakhalifa,entertainment,public figure,
normmacdonald,entertainment,,
nypost,media outlet,,
paulpierce34,sports,,
peeweeherman,entertainment,,
PFTompkins,entertainment,,
RajonRondo,sports,,
RealPaigeWWE,entertainment,,
rejectedjokes,entertainment,,
Rosie,entertainment,,
ScottJKyle1,entertainment,,
sonic_hedgehog,brand,,
TVietor08,political pundit,,
usedgov,organization,,
WWEUniverse,entertainment,,
yelyahwilliams,entertainment,,
adam22,entertainment,,
AdamSandler,entertainment,,
Andy,entertainment,,
bellathorne,entertainment,,
brianstelter,political pundit,,
ChloeGMoretz,entertainment,,
ChrisMurphyCT,political figure,,
CurrenSy_Spitta,entertainment,,
DanCrenshawTX,political figure,,
danielhowell,entertainment,,
DaveWeasel,entertainment,,
DeionSanders,sports,,
DierksBentley,entertainment,,
dominos,brand,,
drsanjaygupta,public figure,,
GavinNewsom,political figure,,
greggutfeld,entertainment,,
GreysABC,entertainment,,
HarvardBiz,media outlet,,
HIDEO_KOJIMA_EN,public figure,,
HulkHogan,entertainment,,
ItsFoodPorn,X,,
Jason_Aldean,entertainment,,
JohnFugelsang,entertainment,,
KhadiDon,entertainment,,
lala,entertainment,,
LaughNYC,entertainment,,
laurenduca,political pundit,,
mikethemiz,entertainment,,
mulaney,entertainment,,
norm,political figure,,
oliviamunn,entertainment,,
Pouyalilpou,entertainment,,
rgay,entertainment,,
RicFlairNatrBoy,entertainment,,
sciam,media outlet,,
staceyabrams,political figure,,
Tee_Grizzley,entertainment,,
TheAcademy,entertainment,organization,
TheAJMendez,entertainment,,
TheGabbieShow,entertainment,,
Treyarch,brand,,
tydollasign,entertainment,,
Ubisoft,brand,,
WWEDanielBryan,entertainment,,
YaraShahidi,entertainment,,
Yg_Trece,sports,,
Zak_Bagans,entertainment,,
1GunnaGunna,entertainment,,
AmazingPhil,entertainment,,
BettyMWhite,entertainment,,
bobsaget,entertainment,,
boogiecousins,sports,,
carrieffisher,entertainment,,
chicagobulls,sports,,
CHICKLET_HF,entertainment,,
ColleenB123,entertainment,,
DavidKHarbour,entertainment,,
DennysDiner,brand,,
ElizabethBanks,entertainment,,
EricHolder,public figure,,
etnow,media outlet,entertainment,
FinnBalor,entertainment,,
GraysonDolan,entertainment,,
hasanminhaj,entertainment,,
IISuperwomanII,entertainment,,
Im_TheAntiTrump,political figure,public figure,
jessicaalba,entertainment,,
joelcomm,public figure,,
KaceyMusgraves,entertainment,,
KALIUCHIS,entertainment,,
Kurkjian_ESPN,sports,,
LeVeonBell,sports,,
Malala,public figure,,
MatPatGT,public figure,,
NWS,organization,,
partynextdoor,entertainment,,
paugasol,sports,,
pitchfork,entertainment,,
PodSaveAmerica,political pundit,,
PPact,organization,,
RandyOrton,entertainment,,
RealGDT,entertainment,,
RealLamarOdom,sports,,
realmikefox,entertainment,,
RecordingAcad,entertainment,,
RichHomieQuan,entertainment,,
ricky_martin,entertainment,,
rogerhamilton,public figure,,
SamHarrisOrg,public figure,,
Sarahchadwickk,political figure,public figure,
SimonCowell,entertainment,,
SteveNash,sports,,
thedailybeast,media outlet,,
TheGoogleFactz,meme,,
VICE,media outlet,,
YFNLUCCI,entertainment,,
YourAnonNews,organization,,
_morganadams_,entertainment,,
6ix9ine,entertainment,,
AlbertBrooks,entertainment,,
AlexErnst,entertainment,,
BeckyLynchWWE,entertainment,,
boburnham,entertainment,,
BOOSIEOFFICIAL,entertainment,,
bouska,entertainment,,
BradPaisley,entertainment,,
BretBaier,hard news,,
bts_bighit,entertainment,,
caseykfrey,entertainment,,
ClayMatthews52,sports,,
colbertlateshow,entertainment,news,
facebook,brand,,
wwwbigbaldhead,entertainment,,
Funny_Truth,meme,,
JimCantore,public figure,,
SamsungMobileUS,brand,,
LarryFitzgerald,sports,,
PaulMcCartney,entertainment,,
Pokemon,entertainment,,
WhoopiGoldberg,entertainment,,
desusnice,entertainment,,
hannibalburess,entertainment,,
HBO,media outlet,entertainment,
Nashgrier,entertainment,,
simonpegg,entertainment,,
TGowdySC,political figure,,
tylerperry,entertainment,,
BindiIrwin,entertainment,,
iamblackbear,entertainment,,
OneLouderApps,brand,,
poetastrologers,entertainment,,
Rachel__Nichols,sports,,
Snapchat,brand,,
steelers,sports,,
ThePowerfulPics,meme,,
TonyDungy,sports,,
VanityFair,media outlet,entertainment,
wordstionary,meme,,
BrysonTlIIer,brand,,
CocaCola,brand,,
CupcakKe_rapper,entertainment,,
DaveBautista,entertainment,,
DavidSpade,entertainment,,
drdre,entertainment,,
Entrepreneur,media outlet,,
JanelleMonae,entertainment,,
JohnCMaxwell,public figure,,
johncusack,entertainment,,
jonlovett,entertainment,,
levarburton,entertainment,,
splcenter,organization,,
TFLN,meme,,
theintercept,media outlet,,
voxdotcom,media outlet,,
AndersonPaak,entertainment,,
awkwardposts,X,meme,
cameron_kasky,political figure,public figure,
ColourPopCo,brand,,
DaveRamsey,public figure,,
DonCheadle,entertainment,,
EA,brand,,
GameStop,brand,,
JohnWall,sports,,
lilduval,entertainment,,
nbc,media outlet,,
PerezHilton,public figure,,
shannonrwatts,political figure,public figure,
terrellowens,sports,,
TheLifeDiaries,meme,,
TimCoronel,sports,,
tonyhawk,sports,,
VictoriaJustice,entertainment,,
w_terrence,entertainment,,
WarrenBuffett,public figure,,
wbpictures,brand,,
cj_wentz,sports,,
ComedyCentral,media outlet,entertainment,
CornelWest,public figure,,
DaleJr,sports,,
DavidRoads,public figure,,
EllenPage,entertainment,,
EmrgencyKittens,meme,,
ericchurch,entertainment,,
HRC,organization,,
iamsambee,entertainment,,
Joan_Rivers,entertainment,,
JuddLegum,political pundit,hard news,
LaurenCohan,entertainment,,
Lupita_Nyongo,entertainment,,
MarlonWayans,entertainment,,
michaelsmith,sports,,
mlbtraderumors,sports,,
Nas,entertainment,,
Razer,brand,,
RepSwalwell,political figure,,
RGIII,sports,,
RobLowe,entertainment,,
SenTedCruz,political figure,,
smoss,entertainment,,
SofiaVergara,entertainment,,
StephMcMahon,entertainment,,
SteveWestly,political figure,,
steveyeun,entertainment,,
TayeDiggs,entertainment,,
THEREALSWIZZZ,entertainment,,
TripleH,entertainment,,
womensmarch,organization,,
ZachLowe_NBA,sports,,
abdashsoul,entertainment,,
AdrianPeterson,sports,,
ATT,brand,,
awkwardgoogle,meme,,
Bharper3407,X,,
BIRDMAN5STAR,entertainment,,
BostonGlobe,media outlet,,
BQQuinn,entertainment,,
BustaRhymes,entertainment,,
EarthPix,meme,,
ESPN_ReceDavis,sports,,
FastCompany,brand,,
iamrashidajones,entertainment,,
IGGYAZALEA,entertainment,,
jamessmurray,entertainment,,
JohnBoyega,entertainment,,
kaj33,sports,,
kenjeong,entertainment,,
Maisie_Williams,entertainment,,
MarthaStewart,entertainment,,
Mathieu_Era,sports,,
Nadeshot,entertainment,,
NickCannon,entertainment,,
Only_OneLA,entertainment,,
pgammo,entertainment,,
RedSox,sports,,
TheFunnyVine,meme,,
TMobile,brand,,
Tyrese,entertainment,,
Unexplained,meme,,
USNavy,organization,,
VinceMcMahon,entertainment,,
WhitneyCummings,entertainment,,
williebosshog,entertainment,,
ZachBoychuk,entertainment,,
20committee,public figure,,
PFTCommenter,sports,,
FINALLEVEL,entertainment,,
foodandwine,media outlet,entertainment,
TeamCoco,entertainment,,
IMDb,brand,,
Target,brand,,
twhiddleston,entertainment,,
joanwalsh,hard news,,
RichardDawkins,public figure,,
DaneCook,entertainment,,
EpicGames,brand,,
GiGiHadid,entertainment,,
ogecebel,X,,
ShamsCharania,sports,,
KEEMSTAR,entertainment,,
margaretcho,entertainment,,
MHarrisPerry,X,,
NatashaBertrand,hard news,,
SebGorka,public figure,,
USWNT,sports,,
donttrythis,entertainment,,
HBCUfessions,meme,,
hrw,organization,,
HuffPostPol,media outlet,,
Jon_Favreau,entertainment,,
KChenoweth,entertainment,,
McConaughey,entertainment,,
NBCOlympics,sports,media outlet,
NHC_Atlantic,organization,,
PardonMyTake,sports,,
PTI,sports,,
Reince,public figure,,
RWitherspoon,X,,
SenatorCollins,political figure,,
wingoz,sports,,
49ers,sports,,
Android,brand,,
AnnCurry,hard news,,
benjaminwittes,public figure,,
ChloeKim,sports,,
democracynow,media outlet,,
eddieizzard,entertainment,,
EvaLongoria,entertainment,,
FOXSoccer,sports,,
GlennHowerton,entertainment,,
JustinRoiland,entertainment,,
KeeganMKey,entertainment,,
markhoppus,entertainment,,
MayoClinic,organization,,
RollingStones,entertainment,,
ScienceMarchDC,organization,,
Seahawks,sports,,
SenatorDurbin,political figure,,
TheAAF,sports,,
thelonelyisland,entertainment,,
TheMindyProject,entertainment,,
TTfue,sports,,
Walmart,brand,,
WomensHealthMag,media outlet,,
adidasoriginals,sports,,
Banks,entertainment,,
ericandre,entertainment,,
GRRMspeaking,entertainment,public figure,
HamiltonMusical,entertainment,,
harto,entertainment,,
JimmyKimmelLive,entertainment,,
JohnStamos,entertainment,,
joshtpm,public figure,,
KayaJones,entertainment,,
KellyOsbourne,entertainment,,
kennychesney,entertainment,,
KensingtonRoyal,public figure,,
KeshaRose,entertainment,,
larrywilmore,entertainment,,
markschlereth,sports,,
MichaelCohen212,public figure,,
pizzahut,brand,,
Ravens,sports,,
SecPompeo,political figure,,
senatemajldr,political figure,,
PolitiFact,media outlet,,
Zedd,entertainment,,
thinkprogress,media outlet,,
Tyga,entertainment,,
cspan,media outlet,,
keithellison,public figure,,
BeschlossDC,public figure,,
jadapsmith,entertainment,,
NAACP,organization,,
TheLastWord,hard news,,
HoarseWisperer,hard news,,
iamwill,entertainment,,
jaysonst,sports,,
MoveOn,organization,,
NARAL,organization,,
RashidaTlaib,political figure,,
samstein,public figure,,
tferriss,public figure,,
TRINArockstarr,entertainment,,
TwitPic,X,,
adultswim,media outlet,entertainment,
Cyn_Santana,entertainment,,
gmail,brand,,
HoustonRockets,sports,,
mattyglesias,political pundit,,
MirandaCosgrove,entertainment,,
MTVNEWS,entertainment,,
nickkroll,entertainment,,
PPFA,organization,,
Salon,media outlet,,
Susan_Hennessey,political pundit,,
thenation,media outlet,,
verizon,brand,,
XplodingUnicorn,entertainment,,
AdamParkhomenko,public figure,,
daveweigel,hard news,,
DebraMessing,entertainment,,
DJDRAMA,entertainment,,
Eugene_Robinson,political pundit,,
FortuneMagazine,media outlet,,
googlechrome,brand,,
hodgman,entertainment,,
JanetJackson,entertainment,,
JeffBezos,public figure,,
JeffreyHayzlett,public figure,,
JillWineBanks,hard news,,
justsanaa,entertainment,,
Lord_Voldemort7,meme,,
MonicaLewinsky,public figure,,
mrbobodenkirk,entertainment,,
paramore,entertainment,,
PhilipRucker,hard news,political pundit,
Pinterest,brand,,
RickWarren,public figure,,
steveaoki,entertainment,,
TessaThompson_x,entertainment,,
thorofficial,entertainment,,
TraceeEllisRoss,entertainment,,
TrueFactsStated,political pundit,,
4everBrandy,entertainment,,
ashanti,entertainment,,
chefjoseandres,public figure,,
DAVID_LYNCH,entertainment,,
daxshepard,entertainment,,
echofon,brand,,
FT,media outlet,,
FunnyPicsDepot,meme,,
GoldenKnights,sports,,
gwenstefani,entertainment,,
JENNIWOWW,entertainment,,
joeyBADASS,entertainment,,
karrueche,entertainment,,
KlayThompson,sports,,
kmichelle,entertainment,,
LilReese300,entertainment,,
LoganPaul,entertainment,,
LouDobbs,political pundit,,
mmfa,organization,,
mmpadellan,political figure,public figure,
MomsDemand,organization,,
NipseyHussle,entertainment,,
ParamountPics,entertainment,,
RebelWilson,entertainment,,
Scaramucci,public figure,,
ChicagoBears,sports,,
JordanSpieth,sports,,
AtlantaFalcons,sports,,
packers,sports,,
PeteCarroll,sports,,
RamsNFL,sports,,
Braves,sports,,
Broncos,sports,,
EllenPompeo,entertainment,,
JustinVerlander,sports,,
KevinMKruse,public figure,,
AntDavis23,sports,,
gabrielzamora,entertainment,,
jaboukie,entertainment,,
kyliecosmetics,brand,,
PUBG,entertainment,,
quintabrunson,entertainment,,
TheRealJRSmith,sports,,
Browns,sports,,
chandlerriggs,entertainment,,
ChiIIVlbes,meme,,
Colts,sports,,
MorpheBrushes,brand,,
nick_colletti,entertainment,,
NikitaDragun,entertainment,,
PGATOUR,sports,,
scrowder,political pundit,,
shiralazar,entertainment,,
spurs,sports,,
verge,media outlet,,
BWWings,brand,,
Comic_Con,entertainment,,
gameinformer,media outlet,entertainment,
HalfOnionInABag,meme,,
lecrae,entertainment,,
loneblockbuster,brand,,
MuseumModernArt,organization,,
okcthunder,sports,,
ringer,sports,entertainment,
wolftyla,entertainment,,
zackfox,entertainment,,
ABHcosmetics,brand,,
ajplus,media outlet,,
Arbys,brand,,
BR_NBA,sports,media outlet,
chrisbosh,sports,,
chrisdelia,entertainment,,
ClayTravis,sports,,
cw_spn,entertainment,,
drayamichele,entertainment,,
edutopia,brand,,
finebaum,sports,,
Giants,sports,,
God_Son80,sports,,
JeremyClarkson,public figure,,
marclamonthill,public figure,,
masonramsey,entertainment,,
MELOD1P,sports,,
MuslimIQ,X,,
NikkieTutorials,entertainment,,
prozdkp,X,,
Raiders,sports,,
RASHEEDA,entertainment,,
Saints,sports,,
SneakerNews,sports,,
steam_games,entertainment,,
diplo,entertainment,,
LeaMichele,entertainment,,
DickieV,sports,,
iHeartRadio,brand,,
michaelstrahan,sports,,
sixers,sports,,
TayZonday,entertainment,,
violadavis,entertainment,,
Imaginedragons,entertainment,,
LupeFiasco,entertainment,,
Metallica,entertainment,,
drdrew,public figure,,
Lavarbigballer,sports,,
McIlroyRory,sports,,
tylerrjoseph,entertainment,,
angelayee,entertainment,,
BigBoi,entertainment,,
blackvoices,media outlet,,
BunBTrillOG,entertainment,,
camanpour,hard news,,
ClintSmithIII,entertainment,,
georgelopez,entertainment,,
IWF,organization,,
JODYHiGHROLLER,entertainment,,
KrisBryant_23,sports,,
LeadToday,public figure,,
MarinaDiamandis,entertainment,,
OzzyOsbourne,entertainment,,
ScandalABC,entertainment,,
SkyDigg4,entertainment,,
SterlingKBrown,entertainment,,
TheRoot,media outlet,,
tinawoodsss,entertainment,,
tonyromo,sports,,
_stumbler,X,,
andylassner,entertainment,,
AustinMahone,entertainment,,
BartBaker,entertainment,,
BishopJakes,public figure,,
bobatl,entertainment,,
bomani_jones,sports,,
Bungie,entertainment,,
CAA_Official,entertainment,,
CMPunk,entertainment,,
David_Leavitt,entertainment,,
discordapp,brand,,
egoraptor,entertainment,,
EmmittSmith22,sports,,
FieldYates,sports,,
Jeezy,entertainment,,
JessicaSimpson,entertainment,,
joe_keery,entertainment,,
JussieSmollett,entertainment,,
KeithUrban,entertainment,,
Lavernecox,entertainment,,
LizGillies,entertainment,,
minakimes,sports,,
Nelly_Mo,entertainment,,
Pastor__West,public figure,,
QtipTheAbstract,entertainment,,
sushitrash,entertainment,,
TheSharkDaymond,public figure,,
totalfratmove,meme,,
alleniverson,sports,,
andre,sports,,
andrewzimmern,entertainment,,
BIGKRIT,entertainment,,
BrentSpiner,entertainment,,
meganamram,entertainment,,
ashleytisdale,entertainment,,
bonappetit,media outlet,entertainment,
lucyhale,entertainment,,
jameelajamil,entertainment,,
RickeySmiley,entertainment,,
SCOTUSblog,organization,,
BreeNewsome,entertainment,,
djenvy,entertainment,,
carlyraejepsen,entertainment,,
CFBPlayoff,sports,,
JoyceWhiteVance,political pundit,,
kevinjonas,entertainment,,
lohanthony,brand,,
Mariska,entertainment,,
MatthewEspinosa,entertainment,,
NFL_Memes,sports,meme,
PLLTVSeries,entertainment,,
zane,entertainment,,
AshBenzo,entertainment,,
breakfastclubam,entertainment,,
Delta,brand,,
Disneyland,entertainment,,
dunkindonuts,brand,,
Everette,public figure,,
IAMJHUD,entertainment,,
JackJ,entertainment,,
ThisAmerLife,hard news,,
UncleBlazer,entertainment,,
aparnapkin,entertainment,,
CNET,media outlet,,
davidortiz,sports,,
elliegoulding,entertainment,,
HeathHussar,entertainment,,
JakeTAustin,entertainment,,
jimjonescapo,entertainment,,
JordinSparks,entertainment,,
JYSexton,political pundit,,
KingBach,entertainment,,
MaraWilson,entertainment,,
MrGeorgeWallace,entertainment,,
npratc,media outlet,,
Panthers,sports,,
PrimeVideo,brand,,
RegalMovies,entertainment,,
SenBlumenthal,political figure,,
JIDsv,entertainment,,
joshuadun,entertainment,,
justdemi,entertainment,,
torylanez,entertainment,,
VicenteFoxQue,political figure,,
WendyWilliams,entertainment,,
AyannaPressley,political figure,,
ayeshacurry,entertainment,,
BillRatchet,entertainment,,
bryceharper3,sports,,
GatenM123,entertainment,,
Rico_nastyy,entertainment,,
TPAIN,entertainment,,
UniversalPics,entertainment,,
ClickHole,meme,,
defjam,entertainment,,
EconBizFin,X,,
EdwardNorton,entertainment,,
emmyrossum,entertainment,,
Jacquees,entertainment,,
JetBlue,brand,,
LaurenConrad,public figure,,
MarcJSpearsESPN,sports,,
Morning_Joe,hard news,,
oliviawilde,entertainment,,
realjknoxville,entertainment,,
sadierob,entertainment,,
SeinfeldToday,entertainment,,
tictoc,brand,,
tumblr,brand,,
UNICEF,organization,,
Windows,brand,,
_ColeBennett_,public figure,,
41Strange,entertainment,,
anthonyjeselnik,entertainment,,
ARizzo44,sports,,
AuschwitzMuseum,organization,,
CameronNewton,sports,,
CedEntertainer,entertainment,,
DanaPerino,political pundit,,
Edelman11,sports,,
engadget,media outlet,,
goSwaeLee,entertainment,,
HereIsGina,entertainment,,
holy_schnitt,sports,,
JCrossover,sports,,
tonyposnanski,sports,,
MollyJongFast,entertainment,,
kalpenn,entertainment,,
NeYoCompound,entertainment,,
ArtistHBTL,entertainment,,
CodyWolfeMusic,entertainment,,
jackieaina,entertainment,,
jordynwoods,entertainment,,
Mikel_Jollett,entertainment,,
Olivianuzzi,hard news,,
JaneMayerNYer,political pundit,,
Kandi,entertainment,,
NYMag,media outlet,,
petewentz,entertainment,,
theestallion,entertainment,,
TSM_Daequan,entertainment,,
tylergposey,entertainment,,
UberSoc,brand,,
Cantguardmike,sports,,
dariusrucker,entertainment,,
JaseDuckman,entertainment,,
pottermore,entertainment,brand,
secupp,political pundit,,
Sia,entertainment,,
SpeakerBoehner,political figure,,
usweekly,media outlet,entertainment,
_youhadonejob1,meme,,
chicagotribune,media outlet,,
clairecmc,political pundit,,
DearAuntCrabby,political figure,public figure,
EAMaddenNFL,sports,,
fentybeauty,brand,,
Heritage,organization,,
jasoninthehouse,political pundit,,
BrotherNature,entertainment,,
TwitterVideo,organization,,
VineCreators,x,,
XXL,entertainment,,
colortheory,entertainment,,
TeaPainUSA,public figure,,
bretmanrock,entertainment,,
RacismDog,public figure,,
S_C_,entertainment,,
maggieNYT,hard news,,
kasie,hard news,,
NotAltWorld,public figure,,
noahcent,public figure,,
FatKidDeals,brand,,
6BillionPeople,public figure,,
AppleMusic,brand,,
YTCreators,entertainment,,
dril,entertainment,,
kicksonfire,brand,,
verified,brand,,
_fllwrs,brand,,
jccaylen,entertainment,,
YesYoureRacist,public figure,,
goldengateblond,political pundit,,
ShinobiNinja,x,,
EarnKnowledge,brand,,
FreakyTheory,entertainment,,
1Hakz_,entertainment,,
kimguilfoyle,political pundit,,
TwitterSupport,brand,,
biticonjustine,entertainment,,
skylarclouds,entertainment,,
60Minutes,hard news,,
APStylebook,brand,,
NCommentarys,entertainment,,
AriTheDon,entertainment,,
ALT_uscis,public figure,,
XboxSupport,brand,,
TwitterLive,brand,,
TwitterMusic,brand,,
mental_floss,entertainment,,
LOLGOP,public figure,,
KrangTNelson,public figure,,
CaucasianJames,public figure,,
plies,entertainment,,
TheDailyShow,hard news,,
Comey,public figure,,
IvankaTrump,public figure,,
JoyAnnReid,hard news,,
BillNye,public figure,,
Complex,media outlet,,
DonaldJTrumpJr,public figure,,
Bourdain,public figure,,
DeptofDefense,organization,,
paulkrugman,political pundit,,
sethmeyers,entertainment,,
soledadobrien,political pundit,,
VanJones68,public figure,,
CaptAndrewLuck,public figure,,
chucktodd,hard news,,
EricTrump,public figure,,
MarsCuriosity,public figure,,
RyanSeacrest,public figure,,
TherealTaraji,public figure,,
YG,public figure,,
BillOReilly,political pundit,,
davidaxelrod,political pundit,,
HistoryInPics,meme,,
MaddowBlog,political pundit,,
funder,public figure,,
LastWeekTonight,political pundit,,
MalcolmNance,public figure,,
DRUDGE_REPORT,political pundit,,
Fahrenthold,hard news,,
GStephanopoulos,hard news,,
RVAwonk,public figure,,
sarahkendzior,political pundit,,
SethAbramson,public figure,,
tribelaw,public figure,,
AprilDRyan,hard news,,
JuiceWorlddd,brand,,
CSLewisDaily,meme,,
GuyFieri,entertainment,,
hondadeal4vets,meme,,
SheriffClarke,public figure,,
SteveSchmidtSES,public figure,,
AMarch4OurLives,organization,,
EvanMcMullin,political pundit,,
HallieJackson,hard news,,
iownjd,public figure,,
llcoolj,entertainment,,
vincestaples,entertainment,,
wolfblitzer,hard news,,
amjoyshow,hard news,,
AshaRangappa_,political pundit,,
ChrisCuomo,hard news,,
JackPosobiec,political pundit,,
joncoopertweets,political pundit,,
nytimesbooks,media outlet,,
OhNoSheTwitnt,meme,,
Space_Station,organization,,
GlennThrush,hard news,,
costareports,hard news,,
HaHaDavis,entertainment,,
HistoryInPix,meme,,
katiecouric,hard news,,
Yamiche,hard news,,
someecards,brand,,
yashar,hard news,,
abbydphillip,hard news,,
BraddJaffy,hard news,,
SenateDems,organization,,
BraddJaffy,hard news,,
HouseDemocrats,organization,,
CaseyNeistat,public figure,,
IndivisibleTeam,organization,,
IronStache,public figure,,
Bible_Time,meme,,
Da_MichaelScott,meme,,
DrOz,public figure,,
_FloridaMan,meme,,
SRuhle,hard news,,
NatGeoPhotos,organization,,
donnabrazile,public figure,,
fakedansavage,public figure,,
iamoppose,public figure,,
DerekCressman,public figure,,
bestofnextdoor,entertainment,,
NASAHubble,organization,,
Change,organization,,
JamilahLemieux,political pundit,,
ohteenquotes,meme,,
